,MSE,MAE,RMSE,MAPE(%),R2
Linear,9.153187855202763,2.1820470221279264,3.025423582773619,10.258457838727878,0.9121840951546909
Poly(deg2),0.6447389596382751,0.60420014656585,0.8029563871333705,3.0497636481799297,0.9938143588850876
Ridge,9.213829302176576,2.1907533558902412,3.035429014517812,10.346313227449357,0.9116022996511596
Lasso,9.24687806965588,2.204939739964417,3.040867979649212,10.448455888709473,0.9112852289795937
SVR,7.9696649426505575,1.888637786014107,2.8230595003737626,8.614601590649839,0.923538842496826
