,MSE,MAE,RMSE,MAPE(%),R2
Heating,9.153187855202763,2.1820470221279264,3.025423582773619,10.258457838727878,0.9121840951546909
Cooling,9.893427647944076,2.1952952105158765,3.14538195581142,8.478724493611391,0.8932255268607289
